"publisher.name";"id";"title";"issn.print";"E.ISSN";"active";"coverage";"Article.language.in.source..three.letter.ISO.language.codes.";"citescore.2014";"sjr.2014";"snip.2014";"citescore.2015";"sjr.2015";"snip.2015";"citescore.2016";"sjr.2016";"snip.2016";"medile";"open.acess";"added.since.oct.17";"source.type";"title.history";"previous.title";"other.related.title";"othe.related.title.2";"other.relat.title.3";"main.publisher";"publisher.country";"WoS";"ASJC.code";"ASJC.sub.level";"cancelled";"name.in.list"
"Academic Journals";19600156803;"JOURNAL OF MEDICINAL PLANT RESEARCH";"19960875";"";"Inactive";"2009-2011";"";"";"0.403";"1.444";"";"0.124";"0.000";"";"";"";"";"";"";"Journal";"";"";"";"";"";"Academic Journals";"Nigeria";"Scopus-unique (not in WoS)";"2707; 1110; 3002; 3003; 3004; ";"";FALSE;"Academic Journals"
"Academic Journals";19200156942;"AFRICAN JOURNAL OF AGRICULTURAL RESEARCH";"1991637X";"";"Inactive";"2009-2011 (cancelled)";"";"";"0.229";"1.057";"";"";"";"";"";"";"";"";"";"Journal";"";"";"";"";"";"Academic Journals";"Nigeria";"Scopus-unique (not in WoS)";"1100; ";"";TRUE;"Academic Journals"
"Academic Journals";19700175858;"JOURNAL OF PHARMACOGNOSY AND PHYTOTHERAPY";"21412502";"";"Inactive";"2010-2016 (cancelled) ";"ENG";"0.64";"0.312";"0.840";"0.53";"0.234";"0.543";"";"0.384";"1.653";"";"";"";"Journal";"";"";"";"";"";"Academic Journals";"Nigeria";"Scopus-unique (not in WoS)";"3002; ";"";TRUE;"Academic Journals"
"Academic Journals";19400157124;"INTERNATIONAL JOURNAL OF PHYSICAL SCIENCES";"19921950";"";"Inactive";"2008-2012 (cancelled)";"";"";"0.190";"1.007";"";"0.119";"0.558";"";"";"";"";"";"";"Journal";"";"";"";"";"";"Academic Journals";"Nigeria";"Scopus-unique (not in WoS)";"3100; 2504; ";"";TRUE;"Academic Journals"
"Academic Journals";19200156939;"AFRICAN JOURNAL OF MICROBIOLOGY RESEARCH";"19960808";"";"Inactive";"2009-2012";"";"";"0.233";"1.003";"";"0.124";"1.597";"";"";"";"";"";"";"Journal";"";"";"";"";"";"Academic Journals";"Nigeria";"Scopus-unique (not in WoS)";"2725; 1110; 2404; ";"";FALSE;"Academic Journals"
"Academic Journals";19700175094;"INTERNATIONAL JOURNAL OF GENETICS AND MOLECULAR BIOLOGY";"20069863";"";"Inactive";"2010-2011";"";"";"0.134";"0.672";"";"";"";"";"";"";"";"";"";"Journal";"";"";"";"";"";"Academic Journals";"Kenya";"Scopus-unique (not in WoS)";"1311; 1312; ";"";FALSE;"Academic Journals"
"Academic Journals";14940;"AFRICAN JOURNAL OF BIOTECHNOLOGY";"16845315";"";"Inactive";"2002-2012";"";"";"0.273";"1.002";"";"0.295";"1.110";"";"0.132";"0.500";"";"";"";"Journal";"";"";"";"";"";"Academic Journals";"Nigeria";"Scopus-unique (not in WoS)";"1102; 1311; 1312; 2402; 1305; ";"";FALSE;"Academic Journals"
"Academic Journals";19700171017;"AFRICAN JOURNAL OF PHARMACY AND PHARMACOLOGY";"19960816";"";"Inactive";"2009-2011";"";"";"0.293";"1.028";"";"";"";"";"";"";"";"";"";"Journal";"";"";"";"";"";"Academic Journals";"Nigeria";"Scopus-unique (not in WoS)";"3003; 3004; ";"";FALSE;"Academic Journals"
"Academic Journals";19200157023;"SCIENTIFIC RESEARCH AND ESSAYS";"19922248";"";"Inactive";"2008-2011 (cancelled)";"";"";"0.169";"0.784";"";"";"";"";"";"";"";"";"";"Journal";"";"";"";"";"";"Academic Journals";"Nigeria";"Scopus-unique (not in WoS)";"3100; 2200; 1100; 1300; 2700; ";"";TRUE;"Academic Journals"
"Academic Journals";17600155112;"EDUCATIONAL RESEARCH AND REVIEWS";"19903839";"";"Inactive";"2009-2011";"";"";"0.168";"0.599";"";"";"";"";"";"";"";"";"";"Journal";"";"";"";"";"";"Academic Journals";"Kenya";"Scopus-unique (not in WoS)";"3304; ";"";FALSE;"Academic Journals"
"Academic Journals, Inc.";16500154706;"ASIAN JOURNAL OF POULTRY SCIENCE";"18193609";"";"Inactive";"2009-2016 (cancelled)";"";"0.38";"0.232";"0.659";"0.60";"0.277";"0.747";"";"0.231";"0.585";"";"";"";"Journal";"";"";"";"";"";"Academic Journals";"Pakistan";"Scopus-unique (not in WoS)";"1103; 3403; ";"";TRUE;"Academic Journals, Inc."
"Advanced Research Journals";19700188318;"INTERNATIONAL JOURNAL OF ADVANCES IN PHARMACEUTICAL SCIENCES";"09761055";"";"Inactive";"2010-2011 (cancelled) ";"";"";"0.112";"0.108";"";"";"";"";"";"";"";"";"";"Journal";"";"";"";"";"";"Advanced Research Journals";"United States";"Scopus-unique (not in WoS)";"1606; 3003; ";"";TRUE;"Advanced Research Journals"
"Advanced Research Journals";19700201333;"INTERNATIONAL JOURNAL OF DRUG DELIVERY";"09750215";"";"Inactive";"2011-2016 (cancelled)  ";"";"0.45";"0.218";"0.415";"0.43";"0.209";"0.403";"";"0.188";"0.398";"";"";"";"Journal";"";"";"";"";"";"Advanced Research Journals";"United States";"Scopus-unique (not in WoS)";"3003; ";"";TRUE;"Advanced Research Journals"
"Advanced Research Journals";19700188355;"INTERNATIONAL JOURNAL OF PHYTOMEDICINE";"09750185";"";"Inactive";"2010-2016 (cancelled)  ";"ENG";"0.51";"0.265";"0.463";"0.38";"0.192";"0.400";"";"0.152";"0.268";"";"";"";"Journal";"";"";"";"";"";"Advanced Research Journals";"United States";"Scopus-unique (not in WoS)";"2707; 3002; ";"";TRUE;"Advanced Research Journals"
"Allied Academies";19700175101;"ENTREPRENEURIAL EXECUTIVE";"10878955";"19394667";"Inactive";"2009-2016 (cancelled) ";"";"0.17";"0.126";"0.390";"0.12";"0.112";"0.117";"";"0.109";"0.082";"";"";"";"Journal";"";"";"";"";"";"Allied Academies";"United States";"Scopus-unique (not in WoS)";"1408; 2002; 1403; ";"";TRUE;"Allied Academies"
"Allied Academies";19700173245;"JOURNAL OF LEGAL, ETHICAL AND REGULATORY ISSUES";"15440036";"";"Active";"2009-ongoing ";"ENG";"0.11";"0.135";"0.185";"0.19";"0.234";"0.459";"0.26";"0.203";"0.529";"";"";"";"Journal";"";"";"";"";"";"Allied Academies";"United States";"Scopus-unique (not in WoS)";"3308; 3312; ";"";FALSE;"Allied Academies"
"Allied Academies";19700175175;"ACADEMY OF MARKETING STUDIES JOURNAL";"10956298";"";"Inactive";"2008-2016 (cancelled)";"";"0.24";"0.158";"0.229";"0.31";"0.151";"0.363";"";"0.208";"0.342";"";"";"";"Journal";"";"";"";"";"";"Allied Academies";"United States";"Scopus-unique (not in WoS)";"1406; 2002; ";"";TRUE;"Allied Academies"
"Allied Academies";19700175173;"ACADEMY OF BANKING STUDIES JOURNAL";"19392230";"";"Inactive";"2009-2012";"ENG";"";"0.101";"0.000";"";"0.105";"0.133";"";"";"";"";"";"";"Journal";"";"";"";"";"";"Allied Academies";"United States";"Scopus-unique (not in WoS)";"2002; 2003; ";"";FALSE;"Allied Academies"
"Allied Academies";21100805732;"JOURNAL OF MANAGEMENT INFORMATION AND DECISION SCIENCE";"15247252";"15325806";"Active";"2015-ongoing";"ENG";"";"";"";"";"";"";"";"";"0.000";"";"";"Added";"Journal";"";"";"";"";"";"Allied Academies";"United States";"Scopus-unique (not in WoS)";"1802; 1803; 1710; 1404; ";"";FALSE;"Allied Academies"
"Allied Academies";19700176302;"JOURNAL OF ENTREPRENEURSHIP EDUCATION";"10988394";"15282651";"Active";"2009-ongoing";"ENG";"0.43";"0.258";"0.793";"0.48";"0.334";"0.750";"0.32";"0.235";"0.380";"";"";"";"Journal";"";"";"";"";"";"Allied Academies";"United States";"Scopus-unique (not in WoS)";"1408; 2002; 3304; 1403; ";"";FALSE;"Allied Academies"
"Allied Academies";19300157018;"ACADEMY OF ACCOUNTING AND FINANCIAL STUDIES JOURNAL";"10963685";"";"Active";"2009-ongoing";"ENG";"0.10";"0.140";"0.178";"0.13";"0.159";"0.112";"0.09";"0.116";"0.131";"";"";"";"Journal";"";"";"";"";"";"Allied Academies";"United States";"Scopus-unique (not in WoS)";"2002; 2003; 1402; ";"";FALSE;"Allied Academies"
"Allied Academies";19700175176;"ACADEMY OF STRATEGIC MANAGEMENT JOURNAL";"15441458";"";"Active";"2009-ongoing";"ENG";"0.35";"0.227";"0.622";"0.35";"0.156";"0.396";"0.27";"0.143";"0.327";"";"";"";"Journal";"";"";"";"";"";"Allied Academies";"United States";"Scopus-unique (not in WoS)";"1408; 1403; ";"";FALSE;"Allied Academies"
"Allied Academies";20000195003;"JOURNAL OF RNAI AND GENE SILENCING";"17470854";"";"Active";"2011-ongoing ";"ENG";"2.12";"0.714";"0.519";"1.00";"0.462";"0.188";"2.33";"0.573";"0.175";"";"DOAJ/ROAD Open Access";"";"Journal";"";"";"";"";"";"Allied Academies";"United Kingdom";"Scopus-unique (not in WoS)";"1311; 1312; 1303; ";"";FALSE;"Allied Academies"
"Allied Academies";19300157035;"JOURNAL OF ECONOMICS AND ECONOMIC EDUCATION RESEARCH";"15333604";"";"Inactive";"2008-2016 (cancelled) ";"";"0.08";"0.129";"0.212";"0.10";"0.114";"0.184";"";"0.104";"0.077";"";"";"";"Journal";"";"";"";"";"";"Allied Academies";"United States";"Scopus-unique (not in WoS)";"2000; 3304; ";"";TRUE;"Allied Academies"
"Allied Academies";19700173325;"JOURNAL OF THE INTERNATIONAL ACADEMY FOR CASE STUDIES";"10784950";"15325822";"Inactive";"2009-2016 (cancelled)  ";"";"0.01";"0.101";"0.009";"0.02";"0.101";"0.022";"";"0.101";"0.001";"";"";"";"Journal";"";"";"";"";"";"Allied Academies";"United States";"Scopus-unique (not in WoS)";"3308; 3304; 1403; ";"";TRUE;"Allied Academies"
"Allied Academies";19700175177;"JOURNAL OF ORGANIZATIONAL CULTURE, COMMUNICATIONS AND CONFLICT";"15440508";"";"Inactive";"2009-2016 (cancelled) ";"";"0.27";"0.157";"0.283";"0.28";"0.233";"0.427";"";"0.129";"0.282";"";"";"";"Journal";"";"";"";"";"";"Allied Academies";"United States";"Scopus-unique (not in WoS)";"1408; 3315; ";"";TRUE;"Allied Academies"
"Allied Academies";19700175174;"ACADEMY OF ENTREPRENEURSHIP JOURNAL";"10879595";"15282686";"Active";"2009-ongoing";"ENG";"0.30";"0.177";"0.336";"0.20";"0.162";"0.250";"0.10";"0.124";"0.079";"";"";"";"Journal";"";"";"";"";"";"Allied Academies";"United States";"Scopus-unique (not in WoS)";"1408; 2002; 1403; ";"";FALSE;"Allied Academies"
"Allied Academies";19700175083;"INTERNATIONAL JOURNAL OF ENTREPRENEURSHIP";"10999264";"";"Active";"2009-ongoing";"ENG";"0.22";"0.113";"0.391";"0.30";"0.174";"0.331";"0.23";"0.128";"0.200";"";"";"";"Journal";"";"";"";"";"";"Allied Academies";"United States";"Scopus-unique (not in WoS)";"1408; 2002; 1403; ";"";FALSE;"Allied Academies"
"AME Publishing Company";21100469375;"ANNALS OF TRANSLATIONAL MEDICINE";"23055839";"23055847";"Active";"2016-ongoing";"ENG";"";"0.120";"0.000";"";"0.111";"0.019";"0.05";"0.104";"0.008";"";"DOAJ/ROAD Open Access";"";"Journal";"";"";"";"";"";"AME Publishing Company";"China";"Scopus-unique (not in WoS)";"2700; ";"";FALSE;"AME Publishing Company"
"AME Publishing Company";29239;"CHINESE JOURNAL OF CANCER RESEARCH";"10009604";"";"Active";"1998-ongoing, 1988-1996";"ENG";"1.64";"0.579";"0.888";"1.94";"0.747";"1.100";"2.41";"0.914";"1.067";"";"";"";"Journal";"";"";"";"";"";"AME Publishing Company";"Hong Kong";"In WoS and Scopus";"1306; 2730; ";"";FALSE;"AME Publishing Company"
"AME Publishing Company";21100408176;"ANNALS OF PALLIATIVE MEDICINE";"22245820";"22245839";"Active";"2015-ongoing";"ENG";"";"";"";"";"";"";"1.41";"0.523";"";"Medline-sourced";"";"";"Journal";"";"";"";"";"";"AME Publishing Company";"China";"Scopus-unique (not in WoS)";"2703; 2902; 2700; ";"";FALSE;"AME Publishing Company"
"AME Publishing Company";21100448930;"CHINESE CLINICAL ONCOLOGY";"23043865";"23043873";"Active";"2012-ongoing";"ENG";"";"0.182";"0.131";"";"0.245";"0.182";"1.26";"0.547";"0.582";"";"";"";"Journal";"";"";"";"";"";"AME Publishing Company";"Hong Kong";"Scopus-unique (not in WoS)";"2730; 2700; ";"";FALSE;"AME Publishing Company"
"AME Publishing Company";21100773851;"JOURNAL OF GASTROINTESTINAL ONCOLOGY";"20786891";"2219679X";"Active";"2012-ongoing";"ENG";"";"0.173";"0.226";"";"0.156";"0.086";"0.47";"0.224";"0.228";"";"DOAJ/ROAD Open Access";"";"Journal";"";"";"";"";"";"AME Publishing Company";"Hong Kong";"Scopus-unique (not in WoS)";"2715; 2730; ";"";FALSE;"AME Publishing Company"
"AME Publishing Company";21100455430;"TRANSLATIONAL CANCER RESEARCH";"2218676X";"22196803";"Active";"2012-ongoing";"ENG";"";"0.161";"0.031";"";"0.149";"0.091";"1.36";"0.534";"0.562";"";"";"";"Journal";"";"";"";"";"";"AME Publishing Company";"China";"In WoS and Scopus";"1306; 2741; 2730; ";"";FALSE;"AME Publishing Company"
"AME Publishing Company";21100784713;"TRANSLATIONAL PEDIATRICS";"22244336";"22244344";"Active";"2016-ongoing";"ENG";"";"";"";"";"";"";"";"";"";"";"";"";"Journal";"";"";"";"";"";"AME Publishing Company";"China";"Scopus-unique (not in WoS)";"2735; ";"";FALSE;"AME Publishing Company"
"AME Publishing Company";21100314711;"TRANSLATIONAL ANDROLOGY AND UROLOGY";"22234683";"22234691";"Active";"2012-ongoing";"ENG";"0.27";"0.147";"0.145";"0.43";"0.260";"0.206";"1.02";"0.391";"0.383";"";"";"";"Journal";"";"";"";"";"";"AME Publishing Company";"China";"Scopus-unique (not in WoS)";"2748; 2743; ";"";FALSE;"AME Publishing Company"
"AME Publishing Company";21100787658;"GLAND SURGERY";"2227684X";"22278575";"Active";"2016-ongoing";"ENG";"";"";"";"";"";"";"";"";"";"";"";"";"Journal";"";"";"";"";"";"AME Publishing Company";"China";"Scopus-unique (not in WoS)";"2746; ";"";FALSE;"AME Publishing Company"
"AME Publishing Company";21100203304;"JOURNAL OF THORACIC DISEASE";"20721439";"20776624";"Active";"2009-ongoing ";"ENG";"1.59";"0.578";"0.975";"1.71";"0.652";"0.951";"1.97";"0.737";"1.108";"";"DOAJ/ROAD Open Access";"";"Journal";"";"";"";"";"";"AME Publishing Company";"Hong Kong";"In WoS and Scopus";"2740; ";"";FALSE;"AME Publishing Company"
"AME Publishing Company";21100817408;"ANNALS OF CARDIOTHORACIC SURGERY";"2225319X";"23041021";"Active";"2016-ongoing";"ENG";"";"";"";"";"";"";"";"";"";"";"";"Added";"Journal";"";"";"";"";"";"AME Publishing Company";"China";"Scopus-unique (not in WoS)";"2705; 2746; ";"";FALSE;"AME Publishing Company"
"AME Publishing Company";21100784450;"STEM CELL INVESTIGATION";"23069759";"23130792";"Active";"2016-ongoing";"ENG";"";"";"";"";"";"";"";"";"";"";"DOAJ/ROAD Open Access";"";"Journal";"";"";"";"";"";"AME Publishing Company";"China";"Scopus-unique (not in WoS)";"1307; 1309; 1311; 1312; ";"";FALSE;"AME Publishing Company"
"AME Publishing Company";21100784723;"CARDIOVASCULAR DIAGNOSIS AND THERAPY";"22233652";"22233660";"Active";"2016-ongoing";"ENG";"";"";"";"";"";"";"";"";"";"";"";"";"Journal";"";"";"";"";"";"AME Publishing Company";"China";"Scopus-unique (not in WoS)";"2705; ";"";FALSE;"AME Publishing Company"
"AME Publishing Company";21100784787;"TRANSLATIONAL GASTROENTEROLOGY AND HEPATOLOGY";"2224476X";"24151289";"Active";"2016-ongoing";"ENG";"";"";"";"";"";"";"";"";"";"";"DOAJ/ROAD Open Access";"";"Journal";"";"";"";"";"";"AME Publishing Company";"China";"Scopus-unique (not in WoS)";"2715; 2721; ";"";FALSE;"AME Publishing Company"
"AME Publishing Company";21100784717;"QUANTITATIVE IMAGING IN MEDICINE AND SURGERY";"22234292";"22234306";"Active";"2016-ongoing";"ENG";"";"";"";"";"";"";"";"";"";"";"DOAJ/ROAD Open Access";"";"Journal";"";"";"";"";"";"AME Publishing Company";"China";"Scopus-unique (not in WoS)";"2741; ";"";FALSE;"AME Publishing Company"
"American Scientific Publishers";21100202744;"JOURNAL OF ADVANCED MICROSCOPY RESEARCH";"21567573";"21567581";"Active";"2010-ongoing ";"ENG";"0.27";"0.153";"0.231";"0.20";"0.148";"0.193";"0.27";"0.176";"0.206";"";"";"";"Journal";"";"";"";"";"";"American Scientific Publishers";"United States";"Scopus-unique (not in WoS)";"3105; 2500; ";"";FALSE;"American Scientific Publishers"
"American Scientific Publishers";17700156501;"JOURNAL OF SCANNING PROBE MICROSCOPY";"15577937";"";"Inactive";"2008-2009";"";"";"";"";"";"";"";"";"";"";"";"";"";"Journal";"";"";"";"";"";"American Scientific Publishers";"United States";"Scopus-unique (not in WoS)";"3105; 2500; ";"";FALSE;"American Scientific Publishers"
"American Scientific Publishers";18300156717;"JOURNAL OF HOLOGRAPHY AND SPECKLE";"1546900X";"";"Inactive";"2009";"";"";"";"";"";"";"";"";"";"";"";"";"";"Journal";"";"";"";"";"";"American Scientific Publishers";"United States";"Scopus-unique (not in WoS)";"2200; 3107; ";"";FALSE;"American Scientific Publishers"
"American Scientific Publishers";18300156718;"JOURNAL OF BIOBASED MATERIALS AND BIOENERGY";"15566560";"15566579";"Active";"2008-ongoing";"ENG";"0.74";"0.284";"0.443";"0.71";"0.224";"0.372";"0.74";"0.219";"0.274";"";"";"";"Journal";"";"";"";"";"";"American Scientific Publishers";"United States";"In WoS and Scopus";"2105; 2502; 1502; ";"";FALSE;"American Scientific Publishers"
"American Scientific Publishers";19700186885;"NANOSCIENCE AND NANOTECHNOLOGY LETTERS";"19414900";"19414919";"Active";"2010-ongoing ";"ENG";"1.27";"0.367";"0.504";"0.98";"0.281";"0.422";"1.30";"0.277";"0.361";"";"";"";"Journal";"";"";"";"";"";"American Scientific Publishers";"United States";"In WoS and Scopus";"2500; ";"";FALSE;"American Scientific Publishers"
"American Scientific Publishers";19900191347;"SCIENCE OF ADVANCED MATERIALS";"19472935";"19472943";"Active";"2010-ongoing ";"ENG";"2.48";"0.539";"0.813";"1.62";"0.375";"0.546";"1.51";"0.364";"0.451";"";"";"";"Journal";"";"";"";"";"";"American Scientific Publishers";"United States";"In WoS and Scopus";"2500; ";"";FALSE;"American Scientific Publishers"
"American Scientific Publishers";21100223162;"MATERIALS EXPRESS";"21585849";"21585857";"Active";"2011-ongoing ";"ENG";"2.03";"0.453";"0.646";"1.85";"0.460";"0.743";"1.98";"0.469";"0.665";"";"";"";"Journal";"";"";"";"";"";"American Scientific Publishers";"United States";"In WoS and Scopus";"2500; ";"";FALSE;"American Scientific Publishers"
"American Scientific Publishers";19600161902;"JOURNAL OF NANONEUROSCIENCE";"19390637";"19390653";"Inactive";"2012, 2009";"";"";"0.119";"0.022";"";"0.134";"0.239";"";"";"";"";"";"";"Journal";"";"";"";"";"";"American Scientific Publishers";"United States";"Scopus-unique (not in WoS)";"2801; ";"";FALSE;"American Scientific Publishers"
"American Scientific Publishers";28546;"JOURNAL OF NANOSCIENCE AND NANOTECHNOLOGY";"15334880";"";"Active";"2001-ongoing";"ENG";"1.36";"0.328";"0.523";"1.23";"0.338";"0.488";"1.34";"0.321";"0.490";"";"";"";"Journal";"";"";"";"";"";"American Scientific Publishers";"United States";"In WoS and Scopus";"3104; 2500; 2204; 1600; 1502; ";"";FALSE;"American Scientific Publishers"
"American Scientific Publishers";28136;"JOURNAL OF COMPUTATIONAL AND THEORETICAL NANOSCIENCE";"15461955";"15461963";"Active";"2004-ongoing";"ENG";"1.17";"0.324";"0.773";"1.72";"0.302";"1.048";"0.88";"0.230";"0.433";"";"";"";"Journal";"";"";"";"";"";"American Scientific Publishers";"United States";"In WoS and Scopus";"2208; 2605; 3104; 2500; 1600; ";"";FALSE;"American Scientific Publishers"
"American Scientific Publishers";19201;"SENSOR LETTERS";"1546198X";"15461971";"Active";"2004-ongoing";"ENG";"0.59";"0.223";"0.470";"0.37";"0.157";"0.274";"0.43";"0.169";"0.234";"";"";"";"Journal";"";"";"";"";"";"American Scientific Publishers";"United States";"In WoS and Scopus";"2208; 3107; ";"";FALSE;"American Scientific Publishers"
"American Scientific Publishers";13000154722;"JOURNAL OF LOW POWER ELECTRONICS";"15461998";"15462005";"Active";"2008-ongoing";"ENG";"0.43";"0.166";"0.236";"0.44";"0.180";"0.385";"0.39";"0.163";"0.357";"";"";"";"Journal";"";"";"";"";"";"American Scientific Publishers";"United States";"Scopus-unique (not in WoS)";"2208; ";"";FALSE;"American Scientific Publishers"
"American Scientific Publishers";21100247092;"JOURNAL OF MEDICAL IMAGING AND HEALTH INFORMATICS";"21567018";"21567026";"Active";"2011-ongoing";"ENG";"0.59";"0.191";"0.516";"0.48";"0.173";"0.386";"0.61";"0.189";"0.306";"";"";"";"Journal";"";"";"";"";"";"American Scientific Publishers";"United States";"In WoS and Scopus";"2718; 2741; ";"";FALSE;"American Scientific Publishers"
"American Scientific Publishers";13000154719;"JOURNAL OF BIONANOSCIENCE";"15577910";"15577929";"Active";"2008-ongoing";"ENG";"2.76";"0.921";"0.470";"1.47";"0.608";"0.402";"1.27";"0.351";"0.328";"";"";"";"Journal";"Continued as";"BioNanoScience";"";"";"";"American Scientific Publishers";"United States";"Scopus-unique (not in WoS)";"2204; 2502; 1305; ";"";FALSE;"American Scientific Publishers"
"American Scientific Publishers";18500166400;"JOURNAL OF NANOELECTRONICS AND OPTOELECTRONICS";"1555130X";"15551318";"Active";"2007-ongoing";"ENG";"0.50";"0.171";"0.352";"0.56";"0.196";"0.348";"0.48";"0.174";"0.270";"";"";"";"Journal";"";"";"";"";"";"American Scientific Publishers";"United States";"In WoS and Scopus";"2208; 2504; ";"";FALSE;"American Scientific Publishers"
"American Scientific Publishers";21100278103;"JOURNAL OF BIOMATERIALS AND TISSUE ENGINEERING";"21579083";"21579091";"Active";"2011-ongoing";"ENG";"2.05";"0.439";"0.857";"1.51";"0.457";"0.611";"1.37";"0.360";"0.450";"";"";"";"Journal";"";"";"";"";"";"American Scientific Publishers";"United States";"In WoS and Scopus";"2204; 2701; 1502; 1305; ";"";FALSE;"American Scientific Publishers"
"American Scientific Publishers";19700181106;"ADVANCED SCIENCE LETTERS";"19366612";"19367317";"Active";"2010-ongoing";"ENG";"0.25";"0.139";"0.271";"0.18";"0.151";"0.144";"0.21";"0.135";"0.225";"";"";"";"Journal";"";"";"";"";"";"American Scientific Publishers";"United States";"Scopus-unique (not in WoS)";"2100; 2200; 2300; 3304; 2600; 3306; 1700; ";"";FALSE;"American Scientific Publishers"
"American Scientific Publishers";11700154733;"JOURNAL OF BIOMEDICAL NANOTECHNOLOGY";"15507033";"";"Active";"2007-ongoing";"ENG";"4.25";"0.747";"0.948";"3.93";"0.934";"0.934";"4.74";"0.918";"1.074";"";"";"";"Journal";"";"";"";"";"";"American Scientific Publishers";"United States";"In WoS and Scopus";"3003; 2500; 2204; 2701; 1502; ";"";FALSE;"American Scientific Publishers"
"Ashdin Publishing";21100781873;"JOURNAL OF DRUG AND ALCOHOL RESEARCH";"20908334";"20908342";"Active";"2015-ongoing";"ENG";"";"";"";"";"";"";"0.00";"0.103";"0.000";"";"";"";"Journal";"";"";"";"";"";"Ashdin Publishing";"Egypt";"Scopus-unique (not in WoS)";"2738; 3203; ";"";FALSE;"Ashdin Publishing"
"AstonJournals";19700188405;"GENETIC ENGINEERING AND BIOTECHNOLOGY JOURNAL";"";"21503516";"Inactive";"2010-2012 ";"";"";"0.317";"3.203";"";"0.268";"0.787";"";"";"";"";"";"";"Journal";"";"";"";"";"";"AstonJournals";"United States";"Scopus-unique (not in WoS)";"2402; 1305; ";"";FALSE;"AstonJournals"
"Baishideng Publishing Group";21100411340;"WORLD JOURNAL OF CLINICAL ONCOLOGY";"22184333";"";"Active";"2014-ongoing";"ENG";"";"";"";"3.76";"1.330";"1.298";"4.00";"1.439";"1.745";"";"DOAJ/ROAD Open Access";"";"Journal";"";"";"";"";"";"Baishideng Publishing Group";"United States";"Scopus-unique (not in WoS)";"2730; ";"";FALSE;"Baishideng Publishing Group"
"Baishideng Publishing Group";21100469071;"WORLD JOURNAL OF CARDIOLOGY";"";"19498462";"Active";"2014-ongoing";"ENG";"";"";"";"";"0.117";"0.000";"0.29";"0.103";"0.188";"";"DOAJ/ROAD Open Access";"";"Journal";"";"";"";"";"";"Baishideng Publishing Group";"United States";"Scopus-unique (not in WoS)";"2705; ";"";FALSE;"Baishideng Publishing Group"
"Baishideng Publishing Group";21100243806;"WORLD JOURNAL OF HEPATOLOGY";"";"19485182";"Active";"2009-ongoing";"ENG";"2.60";"0.761";"1.098";"3.19";"0.903";"1.261";"3.66";"1.171";"1.223";"";"DOAJ/ROAD Open Access";"";"Journal";"";"";"";"";"";"Baishideng Publishing Group";"China";"Scopus-unique (not in WoS)";"2721; ";"";FALSE;"Baishideng Publishing Group"
"Business Perspectives";19700170105;"PROBLEMS AND PERSPECTIVES IN MANAGEMENT";"17277051";"";"Active";"2013-ongoing ";"ENG";"0.18";"0.152";"0.283";"0.20";"0.163";"0.287";"0.25";"0.145";"0.318";"";"";"";"Journal";"";"";"";"";"";"Business Perspectives";"Ukraine";"Scopus-unique (not in WoS)";"1408; 1403; ";"";FALSE;"Business Perspectives"
"Business Perspectives";19700182325;"INVESTMENT MANAGEMENT AND FINANCIAL INNOVATIONS";"18104967";"18129358";"Active";"2009-ongoing";"ENG";"0.20";"0.210";"0.440";"0.25";"0.220";"0.520";"0.23";"0.158";"0.489";"";"";"";"Journal";"";"";"";"";"";"Business Perspectives";"Ukraine";"Scopus-unique (not in WoS)";"1408; 2002; 2003; 1403; ";"";FALSE;"Business Perspectives"
"Business Perspectives";21100407655;"BANKS AND BANK SYSTEMS";"18167403";"19917074";"Active";"2006-ongoing";"ENG";"";"0.122";"0.238";"0.10";"0.104";"0.224";"0.13";"0.151";"0.174";"";"";"";"Journal";"";"";"";"";"";"Business Perspectives";"Ukraine";"Scopus-unique (not in WoS)";"2003; ";"";FALSE;"Business Perspectives"
"Canadian Center of Science and Education";21100205743;"ENGLISH LANGUAGE TEACHING";"19164742";"19164750";"Inactive";"2012-2015 (cancelled)";"";"";"0.373";"0.504";"";"0.285";"0.726";"";"0.189";"1.067";"";"";"";"Journal";"";"";"";"";"";"Canadian Center of Science and Education";"Canada";"Scopus-unique (not in WoS)";"3310; 1203; 3304; ";"";TRUE;"Canadian Center of Science and Education"
"Canadian Center of Science and Education";19900191611;"MODERN APPLIED SCIENCE";"19131844";"19131852";"Inactive";"2011-2015 (cancelled)";"";"";"0.394";"0.778";"";"0.183";"0.529";"";"0.214";"2.226";"";"";"";"Journal";"";"";"";"";"";"Canadian Center of Science and Education";"Canada";"Scopus-unique (not in WoS)";"1000; ";"";TRUE;"Canadian Center of Science and Education"
"Canadian Center of Science and Education";21100201982;"INTERNATIONAL EDUCATION STUDIES";"19139020";"";"Inactive";"2012-2015 (cancelled)";"";"";"0.190";"0.372";"";"0.202";"0.452";"";"0.180";"1.237";"";"";"";"Journal";"";"";"";"";"";"Canadian Center of Science and Education";"Canada";"Scopus-unique (not in WoS)";"3304; ";"";TRUE;"Canadian Center of Science and Education"
"Canadian Center of Science and Education";21100228751;"REVIEW OF EUROPEAN STUDIES";"19187173";"19187181";"Inactive";"2009-2015 (cancelled)";"";"";"0.240";"0.547";"";"0.167";"0.548";"";"0.138";"2.860";"";"";"";"Journal";"";"";"";"";"";"Canadian Center of Science and Education";"Canada";"Scopus-unique (not in WoS)";"1202; 3316; ";"";TRUE;"Canadian Center of Science and Education"
"Canadian Center of Science and Education";21100218323;"GLOBAL JOURNAL OF HEALTH SCIENCE";"19169736";"19169744";"Active";"2012-ongoing ";"";"0.74";"0.368";"";"0.79";"0.378";"";"0.91";"0.361";"";"Medline-sourced";"";"";"Journal";"";"";"";"";"";"Canadian Center of Science and Education";"Canada";"Scopus-unique (not in WoS)";"2700; ";"";FALSE;"Canadian Center of Science and Education"
"Canadian Center of Science and Education";21100377768;"JOURNAL OF SUSTAINABLE DEVELOPMENT";"19139063";"";"Inactive";"2014-2015 (cancelled)";"";"";"";"";"";"0.135";"0.419";"";"0.145";"1.353";"";"";"";"Journal";"";"";"";"";"";"Canadian Center of Science and Education";"Canada";"Scopus-unique (not in WoS)";"2300; 3303; 2105; 3305; ";"";TRUE;"Canadian Center of Science and Education"
"Canadian Center of Science and Education";21100198464;"ASIAN SOCIAL SCIENCE";"19112017";"19112025";"Inactive";"2011-2015 (cancelled)";"";"";"0.176";"0.359";"";"0.193";"0.718";"";"0.273";"0.941";"";"";"";"Journal";"";"";"";"";"";"Canadian Center of Science and Education";"Canada";"Scopus-unique (not in WoS)";"2000; 3300; 1200; ";"";TRUE;"Canadian Center of Science and Education"
"Cardiology Academic Press";23204;"EXPERIMENTAL AND CLINICAL CARDIOLOGY";"12056626";"";"Inactive";"2000-2014 (cancelled)";"";"";"0.333";"0.662";"";"0.195";"0.196";"";"0.179";"0.227";"";"";"";"Journal";"";"";"";"";"";"Cardiology Academic Press";"Canada";"In WoS and Scopus";"2737; 2705; 1314; ";"";TRUE;"Cardiology Academic Press"
"CESER Publications";17700156220;"INTERNATIONAL JOURNAL OF ECOLOGY AND DEVELOPMENT";"09729984";"09737308";"Active";"2009-ongoing";"ENG";"0.24";"0.195";"0.492";"0.34";"0.205";"0.653";"0.80";"0.288";"0.961";"";"";"";"Journal";"";"";"";"";"";"CESER Publications";"India";"Scopus-unique (not in WoS)";"3303; 2303; 1105; ";"";FALSE;"CESER Publications"
"CESER Publications";21100298063;"INTERNATIONAL JOURNAL OF TOMOGRAPHY AND SIMULATION";"";"23193336";"Active";"2012-ongoing";"";"";"0.204";"0.328";"0.52";"0.249";"0.713";"0.35";"0.225";"0.437";"";"";"";"Journal";"Formerly known as";"International Journal of Tomography and Statistics";"";"";"";"CESER Publications";"India";"In WoS and Scopus";"2741; 1700; ";"";FALSE;"CESER Publications"
"CESER Publications";21100408983;"INTERNATIONAL JOURNAL OF ECOLOGICAL ECONOMICS AND STATISTICS";"09731385";"09737537";"Active";"2014-ongoing";"ENG";"";"";"";"0.25";"0.208";"0.159";"0.20";"0.199";"0.068";"";"";"";"Journal";"";"";"";"";"";"CESER Publications";"India";"Scopus-unique (not in WoS)";"1803; 1804; 2002; ";"";FALSE;"CESER Publications"
"CESER Publications";20500195139;"INTERNATIONAL JOURNAL OF IMAGING AND ROBOTICS";"2231525X";"";"Active";"2011-ongoing ";"ENG";"0.56";"0.274";"0.726";"0.78";"0.250";"1.248";"0.76";"0.313";"0.839";"";"";"";"Journal";"Formerly known as";"International Journal of Imaging";"";"";"";"CESER Publications";"India";"Scopus-unique (not in WoS)";"1707; 1709; 1711; 2614; 1712; ";"";FALSE;"CESER Publications"
"CESER Publications";19600166036;"INTERNATIONAL JOURNAL OF ARTIFICIAL INTELLIGENCE";"09740635";"";"Active";"2009-ongoing";"ENG";"1.83";"0.609";"0.948";"2.14";"1.048";"1.133";"1.65";"0.674";"1.010";"";"";"";"Journal";"";"";"";"";"";"CESER Publications";"India";"Scopus-unique (not in WoS)";"1702; ";"";FALSE;"CESER Publications"
"Digital Information Research Foundation";4800152306;"JOURNAL OF DIGITAL INFORMATION MANAGEMENT";"09727272";"";"Active";"2006-ongoing";"ENG";"0.15";"0.137";"0.342";"0.21";"0.132";"0.274";"0.24";"0.125";"0.189";"";"";"";"Journal";"";"";"";"";"";"Digital Information Research Foundation";"India";"Scopus-unique (not in WoS)";"3309; 1710; 1404; ";"";FALSE;"Digital Information Research Foundation (DIRF)"
"DRUNPP Sarajevo";19700174943;"INTERNATIONAL JOURNAL OF COLLABORATIVE RESEARCH ON INTERNAL MEDICINE AND PUBLIC HEALTH";"18404529";"";"Inactive";"2009-2012 (cancelled)";"";"";"0.154";"0.423";"";"0.164";"0.591";"";"";"";"";"";"";"Journal";"";"";"";"";"";"DRUNPP Sarajevo";"Bosnia and Herzegovina";"Scopus-unique (not in WoS)";"2739; 2700; 2724; ";"";TRUE;"DRUNPP Sarajevo (Society for Development of Teaching and Business Processes in New Net Environment in B&H)"
"DRUNPP Sarajevo";19500157806;"HEALTHMED";"18402291";"";"Inactive";"2008-2012 (cancelled)";"";"";"0.113";"0.134";"";"0.113";"0.140";"";"";"";"";"";"";"Journal";"";"";"";"";"";"DRUNPP Sarajevo";"Bosnia and Herzegovina";"Scopus-unique (not in WoS)";"2700; ";"";TRUE;"DRUNPP Sarajevo (Society for Development of Teaching and Business Processes in New Net Environment in B&H)"
"e-Century Publishing Corporation";19700174979;"INTERNATIONAL JOURNAL OF PHYSIOLOGY, PATHOPHYSIOLOGY AND PHARMACOLOGY";"19448171";"";"Active";"2009-ongoing";"ENG";"2.52";"1.048";"0.830";"2.18";"0.773";"0.760";"1.90";"0.695";"0.840";"";"DOAJ/ROAD Open Access";"";"Journal";"";"";"";"";"";"e-Century Publishing Corporation";"United States";"Scopus-unique (not in WoS)";"2737; 1314; 2734; ";"";FALSE;"e-Century Publishing Corporation"
"e-Century Publishing Corporation";19700175829;"INTERNATIONAL JOURNAL OF MOLECULAR EPIDEMIOLOGY AND GENETICS";"19481756";"";"Active";"2010-ongoing";"ENG";"1.92";"0.713";"0.744";"1.46";"0.705";"0.547";"1.55";"0.669";"0.468";"";"DOAJ/ROAD Open Access";"";"Journal";"";"";"";"";"";"e-Century Publishing Corporation";"United States";"Scopus-unique (not in WoS)";"2716; 1311; 2713; ";"";FALSE;"e-Century Publishing Corporation"
"e-Century Publishing Corporation";21100332422;"AMERICAN JOURNAL OF BLOOD RESEARCH";"";"21601992";"Inactive";"2014-2014 ";"ENG";"";"";"";"0.33";"0.119";"0.074";"";"0.197";"0.162";"";"DOAJ/ROAD Open Access";"";"Journal";"";"";"";"";"";"e-Century Publishing Corporation";"United States";"Scopus-unique (not in WoS)";"1306; 1307; 2730; 2720; ";"";FALSE;"e-Century Publishing Corporation"
"e-Century Publishing Corporation";19700174998;"AMERICAN JOURNAL OF TRANSLATIONAL RESEARCH";"19438141";"";"Active";"2009-ongoing";"ENG";"3.57";"1.482";"0.936";"3.56";"1.417";"1.023";"3.09";"1.012";"0.792";"";"DOAJ/ROAD Open Access";"";"Journal";"";"";"";"";"";"e-Century Publishing Corporation";"United States";"In WoS and Scopus";"1306; 1308; 1313; 2700; ";"";FALSE;"e-Century Publishing Corporation"
"e-Century Publishing Corporation";21100332454;"AMERICAN JOURNAL OF STEM CELLS";"";"21604150";"Active";"2014-ongoing ";"ENG";"";"";"";"3.75";"0.967";"1.342";"5.00";"1.127";"1.573";"";"DOAJ/ROAD Open Access";"";"Journal";"";"";"";"";"";"e-Century Publishing Corporation";"United States";"Scopus-unique (not in WoS)";"1307; 1309; 1312; ";"";FALSE;"e-Century Publishing Corporation"
"e-Century Publishing Corporation";21100338320;"INTERNATIONAL JOURNAL OF BURNS AND TRAUMA";"21602026";"";"Inactive";"2014-2014 ";"ENG";"";"";"";"1.40";"0.332";"0.446";"";"1.706";"2.373";"";"DOAJ/ROAD Open Access";"";"Journal";"";"";"";"";"";"e-Century Publishing Corporation";"United States";"Scopus-unique (not in WoS)";"2706; 2734; ";"";FALSE;"e-Century Publishing Corporation"
"e-Century Publishing Corporation";19700188407;"INTERNATIONAL JOURNAL OF BIOCHEMISTRY AND MOLECULAR BIOLOGY";"21524114";"";"Active";"2010-ongoing ";"ENG";"3.51";"1.566";"0.967";"4.06";"1.817";"1.176";"2.44";"0.887";"1.084";"";"DOAJ/ROAD Open Access";"";"Journal";"";"";"";"";"";"e-Century Publishing Corporation";"United States";"Scopus-unique (not in WoS)";"1312; 1303; ";"";FALSE;"e-Century Publishing Corporation"
"e-Century Publishing Corporation";21100399172;"AMERICAN JOURNAL OF CANCER RESEARCH";"";"21566976";"Active";"2015-ongoing, 2012";"ENG";"8.50";"2.520";"4.674";"7.00";"0.621";"2.184";"0.76";"0.263";"0.190";"";"DOAJ/ROAD Open Access";"";"Journal";"";"";"";"";"";"e-Century Publishing Corporation";"United States";"In WoS and Scopus";"1306; 2730; ";"";FALSE;"e-Century Publishing Corporation"
"e-Century Publishing Corporation";17600155123;"INTERNATIONAL JOURNAL OF CLINICAL AND EXPERIMENTAL PATHOLOGY";"19362625";"";"Active";"2009-ongoing";"ENG";"2.14";"0.741";"0.973";"1.64";"0.621";"0.726";"1.58";"0.570";"0.540";"";"DOAJ/ROAD Open Access";"";"Journal";"";"";"";"";"";"e-Century Publishing Corporation";"United States";"In WoS and Scopus";"2722; 2734; ";"";FALSE;"e-Century Publishing Corporation"
"e-Century Publishing Corporation";21100337504;"AMERICAN JOURNAL OF CARDIOVASCULAR DISEASE";"";"2160200X";"Active";"2014-ongoing ";"ENG";"";"";"";"2.25";"0.419";"1.025";"3.50";"0.887";"1.633";"";"DOAJ/ROAD Open Access";"";"Journal";"";"";"";"";"";"e-Century Publishing Corporation";"United States";"Scopus-unique (not in WoS)";"2705; ";"";FALSE;"e-Century Publishing Corporation"
"e-Century Publishing Corporation";17600155122;"INTERNATIONAL JOURNAL OF CLINICAL AND EXPERIMENTAL MEDICINE";"19405901";"";"Active";"2009-ongoing";"ENG";"1.47";"0.420";"0.683";"1.25";"0.377";"0.588";"1.17";"0.400";"0.457";"";"DOAJ/ROAD Open Access";"";"Journal";"";"";"";"";"";"e-Century Publishing Corporation";"United States";"In WoS and Scopus";"1300; 2700; ";"";FALSE;"e-Century Publishing Corporation"
"Engineering and Technology Publishing";21100230800;"JOURNAL OF COMMUNICATIONS";"17962021";"";"Active";"2006-ongoing ";"ENG";"0.93";"0.253";"0.900";"0.53";"0.160";"0.431";"0.61";"0.160";"0.436";"";"";"";"Journal";"";"";"";"";"";"Engineering and Technology Publishing";"United States";"Scopus-unique (not in WoS)";"2208; ";"";FALSE;"Engineering and Technology Publishing"
"Friends Science Publishers";10900153321;"INTERNATIONAL JOURNAL OF AGRICULTURE AND BIOLOGY";"15608530";"18149596";"Active";"2008-ongoing";"ENG";"0.97";"0.456";"1.062";"0.96";"0.430";"0.898";"0.89";"0.349";"0.768";"";"DOAJ/ROAD Open Access";"";"Journal";"";"";"";"";"";"Friends Science Publishers";"Pakistan";"In WoS and Scopus";"1100; ";"";FALSE;"Friends Science Publishers (FSP)"
"Frontiers in Bioscience";21100255440;"FRONTIERS IN BIOSCIENCE - ELITE";"19450494";"19450508";"Active";"2009-ongoing ";"ENG";"2.07";"0.871";"0.647";"2.08";"0.924";"0.649";"1.88";"0.732";"0.626";"";"";"";"Journal";"Formerly included in";"Frontiers in Bioscience";"";"";"";"Frontiers in Bioscience";"United States";"Scopus-unique (not in WoS)";"2400; 1300; ";"";FALSE;"Frontiers in Bioscience (FBS)"
"Frontiers in Bioscience";21100255498;"FRONTIERS IN BIOSCIENCE - SCHOLAR";"19450516";"19450524";"Active";"2009-ongoing ";"ENG";"2.29";"0.998";"0.683";"2.21";"1.033";"0.676";"2.32";"0.945";"0.639";"";"";"";"Journal";"";"";"";"";"";"Frontiers in Bioscience";"United States";"Scopus-unique (not in WoS)";"2400; 1300; ";"";FALSE;"Frontiers in Bioscience (FBS)"
"Frontiers in Bioscience";27974;"FRONTIERS IN BIOSCIENCE - LANDMARK";"10939946";"";"Active";"1996-ongoing";"ENG";"3.49";"1.719";"1.036";"3.09";"1.528";"0.891";"2.51";"1.023";"0.722";"";"";"";"Journal";"";"";"";"";"";"Frontiers in Bioscience";"United States";"In WoS and Scopus";"2400; 1300; 2700; ";"";FALSE;"Frontiers in Bioscience (FBS)"
"Hikari Ltd.";21100265048;"CONTEMPORARY ENGINEERING SCIENCES";"13136569";"13147641";"Inactive";"2013-2016 (cancelled)";"";"0.30";"0.188";"0.071";"0.50";"0.241";"0.803";"";"0.311";"0.524";"";"DOAJ/ROAD Open Access";"";"Journal";"";"";"";"";"";"Hikari Ltd.";"Bulgaria";"Scopus-unique (not in WoS)";"2307; 1705; 1507; 2200; 3301; 2500; ";"";TRUE;"Hikari Ltd."
"Hikari Ltd.";25166;"APPLIED MATHEMATICAL SCIENCES";"1312885X";"";"Inactive";"2009-2016 (cancelled), 1984";"";"0.59";"0.331";"0.874";"0.45";"0.355";"0.677";"";"0.345";"0.545";"";"DOAJ/ROAD Open Access";"";"Journal";"";"";"";"";"";"Hikari Ltd.";"Bulgaria";"Scopus-unique (not in WoS)";"2604; ";"";TRUE;"Hikari Ltd."
"Hikari Ltd.";11300153315;"ADVANCED STUDIES IN THEORETICAL PHYSICS";"13131311";"";"Inactive";"2008-2016 (cancelled)";"";"0.39";"0.240";"0.697";"0.40";"0.364";"0.491";"";"0.236";"0.318";"";"DOAJ/ROAD Open Access";"";"Journal";"";"";"";"";"";"Hikari Ltd.";"Bulgaria";"Scopus-unique (not in WoS)";"3100; 2610; ";"";TRUE;"Hikari Ltd."
"Hikari Ltd.";17300154704;"INTERNATIONAL JOURNAL OF MATHEMATICAL ANALYSIS";"13128876";"";"Inactive";"2009-2016 (cancelled) ";"";"0.31";"0.232";"0.614";"0.42";"0.336";"0.551";"";"0.282";"0.399";"";"DOAJ/ROAD Open Access";"";"Journal";"";"";"";"";"";"Hikari Ltd.";"Bulgaria";"Scopus-unique (not in WoS)";"2600; ";"";TRUE;"Hikari Ltd."
"Indian Society for Education and Environment";21100201522;"INDIAN JOURNAL OF SCIENCE AND TECHNOLOGY";"09746846";"09745645";"Inactive";"2012-2016 (cancelled)  ";"";"0.80";"0.981";"1.350";"0.76";"0.234";"1.526";"";"0.251";"2.108";"";"";"";"Journal";"";"";"";"";"";"Indian Society for Education and Environment";"India";"Scopus-unique (not in WoS)";"1000; ";"";TRUE;"Indian Society for Education and Environment (ISEE)"
"Institute of Advanced Scientific Research";20500195215;"JOURNAL OF ADVANCED RESEARCH IN DYNAMICAL AND CONTROL SYSTEMS";"1943023X";"";"Active";"2009-ongoing ";"ENG";"0.14";"0.141";"0.168";"0.13";"0.146";"0.270";"0.16";"0.136";"0.294";"";"";"";"Journal";"";"";"";"";"";"Institute of Advanced Scientific Research";"United States";"Scopus-unique (not in WoS)";"2200; 1700; ";"";FALSE;"Institute of Advanced Scientific Research"
"International Academy of Ecology and Environmental Sciences";21100773742;"NETWORK BIOLOGY";"";"22208879";"Active";"2016-ongoing";"ENG";"";"";"";"";"";"";"";"";"";"";"DOAJ/ROAD Open Access";"";"Journal";"";"";"";"";"";"International Academy of Ecology and Environmental Sciences";"China";"Scopus-unique (not in WoS)";"2604; 1301; ";"";FALSE;"International Academy of Ecology and Environmental Sciences (IAEES)"
"International Digital Organization for Scientific Information";21100201971;"MIDDLE EAST JOURNAL OF SCIENTIFIC RESEARCH";"19909233";"19998147";"Inactive";"2012-2014 (cancelled)";"";"";"0.447";"1.642";"";"0.155";"0.763";"";"0.137";"0.760";"";"";"";"Journal";"";"";"";"";"";"International Digital Organization for Scientific Information";"Pakistan";"Scopus-unique (not in WoS)";"1000; ";"";TRUE;"International Digital Organization for Scientific Information (IDOSI)"
"International Information Institute";21100201065;"INFORMATION";"13434500";"13448994";"Active";"2009-ongoing ";"ENG";"0.26";"0.235";"0.451";"0.13";"0.216";"0.261";"0.11";"0.201";"0.242";"";"";"";"Journal";"";"";"";"";"";"International Information Institute";"Japan";"Scopus-unique (not in WoS)";"1710; ";"";FALSE;"International Information Institute"
"International Scientific Publications";22749;"INTERNATIONAL JOURNAL OF ECOLOGY AND ENVIRONMENTAL SCIENCES";"0377015X";"";"Inactive";"1987-2010, 1979, 1974-1977";"";"";"";"";"";"";"";"";"";"";"";"";"";"Journal";"";"";"";"";"";"International Scientific Publications";"India";"Scopus-unique (not in WoS)";"2300; 2303; 1105; ";"";FALSE;"International Scientific Publications"
"Internet Scientific Publications";19700175069;"INTERNET JOURNAL OF INTERNAL MEDICINE";"15288382";"";"Inactive";"2010-2011";"ENG";"";"0.105";"0.000";"";"";"";"";"";"";"";"";"";"Journal";"";"";"";"";"";"Internet Scientific Publications";"United States";"Scopus-unique (not in WoS)";"2712; 2724; ";"";FALSE;"Internet Scientific Publications"
"Internet Scientific Publications";19700180905;"INTERNET JOURNAL OF EPIDEMIOLOGY";"15402614";"";"Inactive";"2010-2011";"ENG";"";"0.104";"0.097";"";"";"";"";"";"";"";"";"";"Journal";"";"";"";"";"";"Internet Scientific Publications";"United States";"Scopus-unique (not in WoS)";"2713; ";"";FALSE;"Internet Scientific Publications"
"Internet Scientific Publications";19700175049;"INTERNET JOURNAL OF TOXICOLOGY";"15593916";"";"Active";"2009-ongoing";"ENG";"0.00";"0.102";"0.000";"0.33";"0.106";"0.000";"0.57";"0.126";"1.464";"";"";"";"Journal";"";"";"";"";"";"Internet Scientific Publications";"United States";"Scopus-unique (not in WoS)";"3005; ";"";FALSE;"Internet Scientific Publications"
"Internet Scientific Publications";19700175051;"INTERNET JOURNAL OF INFECTIOUS DISEASES";"15288366";"";"Inactive";"2009-2011";"ENG";"";"0.144";"0.084";"";"";"";"";"";"";"";"";"";"Journal";"";"";"";"";"";"Internet Scientific Publications";"United States";"Scopus-unique (not in WoS)";"2725; 2726; ";"";FALSE;"Internet Scientific Publications"
"Internet Scientific Publications";19700175070;"INTERNET JOURNAL OF THIRD WORLD MEDICINE";"15394646";"";"Inactive";"2010";"ENG";"";"";"";"";"";"";"";"";"";"";"";"";"Journal";"";"";"";"";"";"Internet Scientific Publications";"United States";"Scopus-unique (not in WoS)";"2700; ";"";FALSE;"Internet Scientific Publications"
"Internet Scientific Publications";19700175141;"INTERNET JOURNAL OF DERMATOLOGY";"15313018";"";"Inactive";"2009-2010";"ENG";"";"";"";"";"";"";"";"";"";"";"";"";"Journal";"";"";"";"";"";"Internet Scientific Publications";"United States";"Scopus-unique (not in WoS)";"2708; ";"";FALSE;"Internet Scientific Publications"
"Internet Scientific Publications";5000158303;"INTERNET JOURNAL OF LAW, HEALTHCARE AND ETHICS";"15288250";"";"Inactive";"2006-2011, 2003, 2000";"ENG";"";"0.105";"0.000";"";"";"";"";"";"";"";"";"";"Journal";"";"";"";"";"";"Internet Scientific Publications";"United States";"Scopus-unique (not in WoS)";"2910; ";"";FALSE;"Internet Scientific Publications"
"Internet Scientific Publications";19700175480;"INTERNET JOURNAL OF GYNECOLOGY AND OBSTETRICS";"15288439";"";"Inactive";"2010-2011";"ENG";"";"0.119";"0.505";"";"0.108";"0.000";"";"";"";"";"";"";"Journal";"";"";"";"";"";"Internet Scientific Publications";"United States";"Scopus-unique (not in WoS)";"2729; ";"";FALSE;"Internet Scientific Publications"
"Internet Scientific Publications";19700175066;"INTERNET JOURNAL OF MICROBIOLOGY";"19378289";"";"Active";"2010-ongoing";"ENG";"0.23";"0.122";"0.420";"0.23";"0.154";"0.408";"0.00";"0.101";"0.000";"";"";"";"Journal";"";"";"";"";"";"Internet Scientific Publications";"United States";"Scopus-unique (not in WoS)";"2725; 2726; 2404; ";"";FALSE;"Internet Scientific Publications"
"Internet Scientific Publications";19700175068;"INTERNET JOURNAL OF PULMONARY MEDICINE";"15312984";"";"Inactive";"2010";"ENG";"";"";"";"";"";"";"";"";"";"";"";"";"Journal";"";"";"";"";"";"Internet Scientific Publications";"United States";"Scopus-unique (not in WoS)";"2740; ";"";FALSE;"Internet Scientific Publications"
"Internet Scientific Publications";11700154728;"INTERNET JOURNAL OF PAIN, SYMPTOM CONTROL AND PALLIATIVE CARE";"15288277";"";"Inactive";"2006-2011, 2001-2002";"ENG";"";"0.111";"0.000";"";"";"";"";"";"";"";"";"";"Journal";"";"";"";"";"";"Internet Scientific Publications";"United States";"Scopus-unique (not in WoS)";"2706; 2917; 2906; 2730; ";"";FALSE;"Internet Scientific Publications"
"Internet Scientific Publications";17600155131;"INTERNET JOURNAL OF MENTAL HEALTH";"15312941";"";"Inactive";"2008-2013";"ENG";"";"0.102";"0.897";"";"0.105";"0.000";"";"0.112";"0.000";"";"";"";"Journal";"";"";"";"";"";"Internet Scientific Publications";"United States";"Scopus-unique (not in WoS)";"2738; 3203; ";"";FALSE;"Internet Scientific Publications"
"Internet Scientific Publications";19700175013;"INTERNET JOURNAL OF HEMATOLOGY";"15402649";"";"Inactive";"2008-2011";"ENG";"";"0.106";"0.000";"";"";"";"";"";"";"";"";"";"Journal";"";"";"";"";"";"Internet Scientific Publications";"United States";"Scopus-unique (not in WoS)";"2720; ";"";FALSE;"Internet Scientific Publications"
"Internet Scientific Publications";19700175012;"INTERNET JOURNAL OF NEUROLOGY";"1531295X";"";"Inactive";"2009-2011";"ENG";"";"0.126";"0.026";"";"";"";"";"";"";"";"";"";"Journal";"";"";"";"";"";"Internet Scientific Publications";"United States";"Scopus-unique (not in WoS)";"2728; ";"";FALSE;"Internet Scientific Publications"
"Internet Scientific Publications";19700175127;"INTERNET JOURNAL OF CARDIOLOGY";"1528834X";"";"Inactive";"2009-2011";"ENG";"";"0.106";"0.000";"";"";"";"";"";"";"";"";"";"Journal";"";"";"";"";"";"Internet Scientific Publications";"United States";"Scopus-unique (not in WoS)";"2705; ";"";FALSE;"Internet Scientific Publications"
"Internet Scientific Publications";19700175130;"INTERNET JOURNAL OF ONCOLOGY";"15288331";"";"Inactive";"2009-2011";"ENG";"";"0.108";"0.000";"";"";"";"";"";"";"";"";"";"Journal";"";"";"";"";"";"Internet Scientific Publications";"United States";"Scopus-unique (not in WoS)";"2730; ";"";FALSE;"Internet Scientific Publications"
"Internet Scientific Publications";5000158302;"INTERNET JOURNAL OF ACADEMIC PHYSICIAN ASSISTANTS";"10924078";"";"Inactive";"2009-2010, 2006-2007, 2001, 1999, 1997";"ENG";"";"";"";"";"";"";"";"";"";"";"";"";"Journal";"";"";"";"";"";"Internet Scientific Publications";"United States";"Scopus-unique (not in WoS)";"2915; ";"";FALSE;"Internet Scientific Publications"
"Internet Scientific Publications";19700175125;"INTERNET JOURNAL OF PHARMACOLOGY";"15312976";"";"Inactive";"2009-2011";"ENG";"";"0.104";"0.000";"";"";"";"";"";"";"";"";"";"Journal";"";"";"";"";"";"Internet Scientific Publications";"United States";"Scopus-unique (not in WoS)";"3004; ";"";FALSE;"Internet Scientific Publications"
"Internet Scientific Publications";16700154712;"INTERNET JOURNAL OF BIOLOGICAL ANTHROPOLOGY";"19394594";"";"Inactive";"2007-2010";"";"";"";"";"";"";"";"";"";"";"";"";"";"Journal";"";"";"";"";"";"Internet Scientific Publications";"United States";"Scopus-unique (not in WoS)";"1301; 3314; ";"";FALSE;"Internet Scientific Publications"
"Internet Scientific Publications";19700175054;"INTERNET JOURNAL OF PEDIATRICS AND NEONATOLOGY";"15288374";"";"Inactive";"2009-2011";"ENG";"";"0.103";"0.000";"";"";"";"";"";"";"";"";"";"Journal";"";"";"";"";"";"Internet Scientific Publications";"United States";"Scopus-unique (not in WoS)";"2735; ";"";FALSE;"Internet Scientific Publications"
"Internet Scientific Publications";5200152803;"INTERNET JOURNAL OF ADVANCED NURSING PRACTICE";"15236064";"";"Inactive";"2006-2008, 2002, 1997-2000";"ENG";"";"";"";"";"";"";"";"";"";"";"";"";"Journal";"";"";"";"";"";"Internet Scientific Publications";"United States";"Scopus-unique (not in WoS)";"2902; ";"";FALSE;"Internet Scientific Publications"
"Lexis Publisher";21100782386;"JOURNAL OF BIOLOGY AND TODAY'S WORLD";"24765376";"23223308";"Active";"2016-ongoing";"ENG";"";"";"";"";"";"";"";"";"";"";"";"";"Journal";"";"";"";"";"";"Lexis Publisher";"United Arab Emirates";"Scopus-unique (not in WoS)";"1100; 1300; 2700; ";"";FALSE;"Lexis Publisher"
"Lifescience Global";21100316045;"JOURNAL OF ANALYTICAL ONCOLOGY";"19277229";"";"Inactive";"2012-2016 (cancelled) ";"ENG";"0.22";"0.168";"0.118";"0.10";"0.112";"0.071";"";"0.146";"0.063";"";"";"";"Journal";"";"";"";"";"";"Lifescience Global";"Canada";"Scopus-unique (not in WoS)";"1306; 2730; ";"";TRUE;"Lifescience Global"
"Lifescience Global";21100784273;"JOURNAL OF INTELLECTUAL DISABILITY - DIAGNOSIS AND TREATMENT";"";"22922598";"Active";"2015-ongoing";"ENG";"";"";"";"";"";"";"0.10";"0.108";"0.011";"";"";"";"Journal";"";"";"";"";"";"Lifescience Global";"Canada";"Scopus-unique (not in WoS)";"2738; 2728; 2808; 3202; 3204; 3306; ";"";FALSE;"Lifescience Global"
"Lifescience Global";21100817618;"JOURNAL OF REVIEWS ON GLOBAL ECONOMICS";"";"19297092";"Active";"2016-ongoing";"ENG";"";"";"";"";"";"";"";"";"";"";"";"Added";"Journal";"";"";"";"";"";"Lifescience Global";"Canada";"Scopus-unique (not in WoS)";"2000; ";"";FALSE;"Lifescience Global"
"Lifescience Global";21100237602;"JOURNAL OF PHARMACY AND NUTRITION SCIENCES";"22233806";"19275951";"Active";"2011-ongoing ";"ENG";"0.29";"0.144";"0.250";"0.27";"0.157";"0.176";"0.21";"0.146";"0.115";"";"";"";"Journal";"";"";"";"";"";"Lifescience Global";"Canada";"Scopus-unique (not in WoS)";"2916; 3000; 2701; 3306; ";"";FALSE;"Lifescience Global"
"Marsland Press";19700188433;"STEM CELL";"19454570";"19454732";"Inactive";"2010-2014 (cancelled) ";"";"";"0.114";"0.249";"";"0.111";"0.572";"";"0.100";"0.088";"";"";"";"Journal";"";"";"";"";"";"Marsland Press";"United States";"Scopus-unique (not in WoS)";"1110; 1305; ";"";TRUE;"Marsland Press"
"Medwell Journals";21100231100;"JOURNAL OF ENGINEERING AND APPLIED SCIENCES";"1816949X";"18187803";"Active";"2009-ongoing ";"ENG";"0.20";"0.140";"0.329";"0.76";"0.238";"0.400";"0.35";"0.145";"0.555";"";"DOAJ/ROAD Open Access";"";"Journal";"";"";"";"";"";"Medwell";"Pakistan";"Scopus-unique (not in WoS)";"2200; ";"";FALSE;"Medwell Journals"
"Medwell Journals";21100829275;"VETERINARY RESEARCH";"19935412";"19944659";"Active";"2015-ongoing, 2011-2013";"ENG";"";"";"";"";"";"";"";"";"";"";"";"Added";"Journal";"";"";"";"";"";"Medwell Journals";"Pakistan";"Scopus-unique (not in WoS)";"3400; ";"";FALSE;"Medwell Journals"
"Medwell Journals";21100205702;"CARDIOLOGY (PAKISTAN)";"18118194";"";"Inactive";"2014-2016 (cancelled), 2011";"ENG";"0.00";"0.111";"0.000";"0.50";"0.115";"0.260";"";"0.181";"0.905";"";"";"";"Journal";"";"";"";"";"";"Medwell";"Pakistan";"Scopus-unique (not in WoS)";"2705; ";"";TRUE;"Medwell Journals"
"Medwell Journals";21100212600;"SOCIAL SCIENCES";"18185800";"19936125";"Inactive";"2008-2016 (cancelled) ";"";"0.10";"0.137";"0.213";"0.12";"0.141";"0.283";"";"0.153";"0.723";"";"";"";"Journal";"";"";"";"";"";"Medwell";"Pakistan";"Scopus-unique (not in WoS)";"3300; ";"";TRUE;"Medwell Journals"
"Medwell Journals";19700173022;"INTERNATIONAL JOURNAL OF SYSTEMS SIGNAL CONTROL AND ENGINEERING APPLICATION";"19975422";"";"Inactive";"2009-2016 (cancelled)  ";"";"0.94";"0.210";"0.567";"3.53";"0.287";"0.557";"";"0.107";"0.283";"";"";"";"Journal";"";"";"";"";"";"Medwell";"Pakistan";"Scopus-unique (not in WoS)";"1711; 2207; ";"";TRUE;"Medwell Journals"
"Natural Sciences Publishing Corporation";21100197928;"APPLIED MATHEMATICS AND INFORMATION SCIENCES";"19350090";"";"Active";"2008-ongoing ";"ENG";"0.87";"0.324";"0.890";"0.81";"0.314";"0.698";"0.77";"0.209";"0.635";"";"";"";"Journal";"";"";"";"";"";"Natural Sciences Publishing Corporation";"United States";"In WoS and Scopus";"2604; 1703; 1706; 2612; 2603; ";"";FALSE;"Natural Sciences Publishing Corporation"
"Nexus Academic Publishers";21100818501;"ADVANCES IN ANIMAL AND VETERINARY SCIENCES";"23093331";"23078316";"Active";"2017-ongoing";"ENG";"";"";"";"";"";"";"";"";"";"";"";"Added";"Journal";"";"";"";"";"";"Nexus Academic Publishers";"Pakistan";"Scopus-unique (not in WoS)";"3400; 1103; ";"";FALSE;"Nexus Academic Publishers (NAP)"
"North Atlantic University Union";17700156720;"INTERNATIONAL JOURNAL OF MATHEMATICS AND COMPUTERS IN SIMULATION";"19980159";"";"Inactive";"2009-2016 (cancelled) ";"";"0.66";"0.328";"0.871";"0.51";"0.168";"0.508";"";"0.268";"0.680";"";"";"";"Journal";"";"";"";"";"";"North Atlantic University Union";"United States";"Scopus-unique (not in WoS)";"2604; 1703; 2611; ";"";TRUE;"North Atlantic University Union"
"North Atlantic University Union";18100156703;"INTERNATIONAL JOURNAL OF MATHEMATICAL MODELS AND METHODS IN APPLIED SCIENCES";"19980140";"";"Inactive";"2009-2016 (cancelled) ";"";"0.44";"0.298";"0.685";"0.33";"0.204";"0.542";"";"0.205";"0.538";"";"";"";"Journal";"";"";"";"";"";"North Atlantic University Union";"United States";"Scopus-unique (not in WoS)";"2604; 2605; 2610; 2611; ";"";TRUE;"North Atlantic University Union"
"North Atlantic University Union";19700166617;"INTERNATIONAL JOURNAL OF MECHANICS";"19984448";"";"Active";"2009-ongoing";"ENG";"0.81";"0.334";"1.092";"0.95";"0.462";"0.695";"0.83";"0.320";"0.833";"";"";"";"Journal";"";"";"";"";"";"North Atlantic University Union";"United States";"Scopus-unique (not in WoS)";"2208; 3100; ";"";FALSE;"North Atlantic University Union"
"Open Access Science Research Publisher";21100785531;"INTERNATIONAL JOURNAL OF MEDICINAL AND AROMATIC PLANTS";"22494340";"";"Inactive";"2013";"ENG";"";"0.123";"0.000";"";"0.124";"0.000";"";"0.125";"0.000";"";"";"";"Journal";"";"";"";"";"";"Open Access Science Research Publisher";"India";"Scopus-unique (not in WoS)";"3002; 1110; ";"";FALSE;"Open Access Science Research Publisher (OASRP)"
"Pushpa Publishing House";21100244835;"FAR EAST JOURNAL OF ELECTRONICS AND COMMUNICATIONS";"09737006";"";"Active";"2013-ongoing ";"ENG";"1.00";"0.161";"1.290";"1.28";"0.421";"0.480";"0.72";"0.359";"0.490";"";"";"";"Journal";"";"";"";"";"";"Pushpa Publishing House";"India";"Scopus-unique (not in WoS)";"2208; 1700; ";"";FALSE;"Pushpa Publishing House"
"Pushpa Publishing House";19700187801;"ADVANCES AND APPLICATIONS IN FLUID MECHANICS";"09734686";"";"Active";"2007-ongoing ";"ENG";"1.54";"0.293";"0.433";"0.08";"0.123";"0.148";"0.17";"0.160";"0.264";"";"";"";"Journal";"";"";"";"";"";"Pushpa Publishing House";"India";"Scopus-unique (not in WoS)";"2210; ";"";FALSE;"Pushpa Publishing House"
"Pushpa Publishing House";19700188206;"JP JOURNAL OF ALGEBRA, NUMBER THEORY AND APPLICATIONS";"09725555";"";"Active";"2010-ongoing ";"ENG";"0.18";"0.226";"0.424";"0.20";"0.243";"0.386";"0.13";"0.177";"0.237";"";"";"";"Journal";"";"";"";"";"";"Pushpa Publishing House";"India";"Scopus-unique (not in WoS)";"2602; ";"";FALSE;"Pushpa Publishing House"
"Pushpa Publishing House";19700188163;"JP JOURNAL OF HEAT AND MASS TRANSFER";"09735763";"";"Active";"2010-ongoing ";"ENG";"1.04";"0.221";"0.335";"0.07";"0.123";"0.042";"0.81";"0.480";"0.408";"";"";"";"Journal";"";"";"";"";"";"Pushpa Publishing House";"India";"Scopus-unique (not in WoS)";"3107; ";"";FALSE;"Pushpa Publishing House"
"Pushpa Publishing House";19700188162;"JP JOURNAL OF GEOMETRY AND TOPOLOGY";"0972415X";"";"Active";"2010-ongoing ";"ENG";"0.15";"0.181";"0.704";"0.08";"0.134";"0.135";"0.04";"0.113";"0.114";"";"";"";"Journal";"";"";"";"";"";"Pushpa Publishing House";"India";"Scopus-unique (not in WoS)";"2608; ";"";FALSE;"Pushpa Publishing House"
"Pushpa Publishing House";17900156722;"FAR EAST JOURNAL OF MATHEMATICAL SCIENCES";"09720871";"";"Active";"2008-ongoing";"ENG";"0.21";"0.213";"0.412";"0.46";"0.235";"0.519";"0.51";"0.239";"0.607";"";"";"";"Journal";"";"";"";"";"";"Pushpa Publishing House";"India";"Scopus-unique (not in WoS)";"2600; ";"";FALSE;"Pushpa Publishing House"
"Research India Publications";19700173002;"INTERNATIONAL JOURNAL OF APPLIED CHEMISTRY";"09731792";"09739734";"Inactive";"2013-2016 (cancelled) , 2008-2011";"ENG";"0.06";"0.102";"0.225";"0.09";"0.117";"0.136";"";"0.103";"0.066";"";"";"";"Journal";"";"";"";"";"";"Research India Publications";"India";"Scopus-unique (not in WoS)";"1600; ";"";TRUE;"Research India Publications (RIP)"
"Research India Publications";19700174617;"INTERNATIONAL JOURNAL OF OCEANS AND OCEANOGRAPHY";"09732667";"";"Inactive";"2009-2016 (cancelled) , 2007";"ENG";"0.08";"0.104";"0.120";"0.21";"0.104";"0.354";"";"0.102";"0.098";"";"";"";"Journal";"";"";"";"";"";"Research India Publications";"India";"Scopus-unique (not in WoS)";"2310; 2212; 1104; 1910; ";"";TRUE;"Research India Publications (RIP)"
"Research India Publications";19700200853;"GLOBAL JOURNAL OF PURE AND APPLIED MATHEMATICS";"09731768";"09739750";"Inactive";"2010-2016 (cancelled)  ";"";"0.22";"0.275";"0.630";"0.18";"0.158";"0.737";"";"0.160";"0.296";"";"";"";"Journal";"";"";"";"";"";"Research India Publications";"India";"Scopus-unique (not in WoS)";"2604; 2600; ";"";TRUE;"Research India Publications (RIP)"
"Research India Publications";19400157517;"INTERNATIONAL JOURNAL OF APPLIED ENVIRONMENTAL SCIENCES";"09736077";"09740260";"Inactive";"2009-2013";"";"";"0.104";"0.117";"";"0.102";"0.064";"";"0.104";"0.057";"";"";"";"Journal";"";"";"";"";"";"Research India Publications";"India";"Scopus-unique (not in WoS)";"2300; ";"";FALSE;"Research India Publications (RIP)"
"Research India Publications";21100217234;"INTERNATIONAL JOURNAL OF APPLIED ENGINEERING RESEARCH";"09734562";"";"Active";"2011-ongoing ";"ENG";"0.10";"0.116";"0.167";"0.13";"0.127";"0.281";"0.13";"0.149";"0.181";"";"";"";"Journal";"";"";"";"";"";"Research India Publications";"India";"Scopus-unique (not in WoS)";"2200; ";"";FALSE;"Research India Publications (RIP)"
"Sadguru Publications";20400195007;"INTERNATIONAL JOURNAL OF CHEMICAL SCIENCES";"0972768X";"";"Inactive";"2011-2016 (cancelled)  ";"";"0.17";"0.163";"0.223";"0.17";"0.156";"0.180";"";"0.229";"0.376";"";"DOAJ/ROAD Open Access";"";"Journal";"";"";"";"";"";"Sadguru Publications";"India";"Scopus-unique (not in WoS)";"2600; ";"";TRUE;"Sadguru Publications"
"Scholars Research Library";19700200724;"DER PHARMACIA LETTRE";"09755071";"";"Inactive";"2011-2016 (cancelled)  ";"";"0.50";"0.285";"0.658";"0.45";"0.193";"0.459";"";"0.157";"0.504";"";"";"";"Journal";"";"";"";"";"";"Scholars Research Library";"United States";"Scopus-unique (not in WoS)";"3003; ";"";TRUE;"Scholars Research Library"
"Science Alert";19700173025;"JOURNAL OF SOFTWARE ENGINEERING";"18194311";"21520941";"Inactive";"2010-2016 (cancelled)  ";"";"0.29";"0.146";"0.163";"0.20";"0.106";"0.168";"";"0.112";"0.205";"";"";"";"Journal";"";"";"";"";"";"Science Alert";"United States";"Scopus-unique (not in WoS)";"1712; ";"";TRUE;"Science Alert"
"Science Alert";18800156745;"RESEARCH JOURNAL OF PHYTOCHEMISTRY";"18193471";"";"Inactive";"2009-2016 (cancelled) ";"";"0.93";"0.264";"0.887";"0.55";"0.167";"0.458";"";"0.128";"0.161";"";"";"";"Journal";"";"";"";"";"";"Science Alert";"Pakistan";"Scopus-unique (not in WoS)";"1110; 1312; 1303; 1305; ";"";TRUE;"Science Alert"
"Science Alert";21100201062;"ASIAN JOURNAL OF APPLIED SCIENCES";"19963343";"";"Inactive";"2011-2016 (cancelled)";"";"0.53";"0.200";"0.660";"0.32";"0.140";"0.395";"";"0.129";"0.398";"";"";"";"Journal";"";"";"";"";"";"Science Alert";"Pakistan";"Scopus-unique (not in WoS)";"1000; ";"";TRUE;"Science Alert"
"Science Publications";6500153244;"AMERICAN JOURNAL OF ANIMAL AND VETERINARY SCIENCES";"15574555";"15574563";"Active";"2007-ongoing";"ENG";"0.57";"0.242";"0.459";"0.49";"0.301";"0.619";"0.48";"0.195";"0.410";"";"DOAJ/ROAD Open Access";"";"Journal";"";"";"";"";"";"Science Publications";"United States";"Scopus-unique (not in WoS)";"3400; 1103; ";"";FALSE;"Science Publications (www.thescipub.com)"
"Science Publications";7400153105;"JOURNAL OF MATHEMATICS AND STATISTICS";"15493644";"";"Inactive";"2007-2016 (cancelled) ";"";"0.45";"0.301";"0.760";"0.37";"0.170";"0.477";"";"0.178";"0.289";"";"DOAJ/ROAD Open Access";"";"Journal";"";"";"";"";"";"Science Publications";"United States";"Scopus-unique (not in WoS)";"2600; 2613; ";"";TRUE;"Science Publications (www.thescipub.com)"
"Science Publications";5400152620;"AMERICAN JOURNAL OF PHARMACOLOGY AND TOXICOLOGY";"15574962";"15574970";"Inactive";"2007-2016 (cancelled)";"ENG";"0.41";"0.156";"0.327";"0.61";"0.218";"0.594";"";"0.179";"0.381";"";"";"";"Journal";"";"";"";"";"";"Science Publications";"United States";"Scopus-unique (not in WoS)";"2736; 3000; ";"";TRUE;"Science Publications (www.thescipub.com)"
"Science Publications";6400153122;"AMERICAN JOURNAL OF APPLIED SCIENCES";"15469239";"15543641";"Inactive";"2007-2016 (cancelled)";"";"0.69";"0.316";"0.779";"0.77";"0.261";"1.085";"";"0.214";"0.911";"";"DOAJ/ROAD Open Access";"";"Journal";"";"";"";"";"";"Science Publications";"United States";"Scopus-unique (not in WoS)";"1000; ";"";TRUE;"Science Publications (www.thescipub.com)"
"Science Publications";5400152637;"AMERICAN JOURNAL OF INFECTIOUS DISEASES";"15536203";"";"Inactive";"2007-2016 (cancelled)";"ENG";"0.35";"0.141";"0.445";"0.30";"0.150";"0.212";"";"0.181";"0.248";"";"DOAJ/ROAD Open Access";"";"Journal";"";"";"";"";"";"Science Publications";"United States";"Scopus-unique (not in WoS)";"2725; ";"";TRUE;"Science Publications (www.thescipub.com)"
"Science Publications";5700165154;"AMERICAN JOURNAL OF FOOD TECHNOLOGY";"15574571";"1557458X";"Inactive";"2007-2016 (cancelled)";"";"0.99";"0.509";"1.069";"0.52";"0.218";"0.516";"";"0.246";"0.545";"";"";"";"Journal";"";"";"";"";"";"Science Publications";"United States";"Scopus-unique (not in WoS)";"1106; ";"";TRUE;"Science Publications (www.thescipub.com)"
"Science Publications";5400152617;"AMERICAN JOURNAL OF ENVIRONMENTAL SCIENCES";"1553345X";"";"Inactive";"2007-2016 (cancelled)";"ENG";"0.68";"0.276";"0.985";"0.77";"0.266";"0.610";"";"0.237";"0.585";"";"DOAJ/ROAD Open Access";"";"Journal";"";"";"";"";"";"Science Publications";"United States";"Scopus-unique (not in WoS)";"2310; 2303; ";"";TRUE;"Science Publications (www.thescipub.com)"
"Science Publications";10400153308;"AMERICAN JOURNAL OF IMMUNOLOGY";"1553619X";"";"Inactive";"2007-2016 (cancelled)";"ENG";"0.66";"0.179";"0.456";"0.35";"0.171";"0.186";"";"0.156";"0.224";"";"DOAJ/ROAD Open Access";"";"Journal";"";"";"";"";"";"Science Publications";"United States";"Scopus-unique (not in WoS)";"2403; 2723; ";"";TRUE;"Science Publications (www.thescipub.com)"
"Science Publications";5400152618;"AMERICAN JOURNAL OF BIOCHEMISTRY AND BIOTECHNOLOGY";"15533468";"15586332";"Active";"2007-ongoing";"ENG";"1.03";"0.330";"0.708";"0.90";"0.279";"0.651";"0.65";"0.218";"0.726";"";"DOAJ/ROAD Open Access";"";"Journal";"";"";"";"";"";"Science Publications";"United States";"Scopus-unique (not in WoS)";"1303; 1305; ";"";FALSE;"Science Publications (www.thescipub.com)"
"Science Publications";5700165153;"AMERICAN JOURNAL OF PLANT PHYSIOLOGY";"15574539";"";"Inactive";"2007-2016 (cancelled)";"";"0.76";"0.308";"1.096";"0.32";"0.149";"0.306";"";"0.122";"0.173";"";"";"";"Journal";"";"";"";"";"";"Science Publications";"United States";"Scopus-unique (not in WoS)";"1110; 1314; ";"";TRUE;"Science Publications (www.thescipub.com)"
"Science Publications";8300153132;"AMERICAN JOURNAL OF AGRICULTURAL AND BIOLOGICAL SCIENCE";"15574989";"";"Inactive";"2007-2016 (cancelled)";"";"0.65";"0.246";"0.839";"0.79";"0.347";"0.564";"";"0.255";"0.860";"";"DOAJ/ROAD Open Access";"";"Journal";"";"";"";"";"";"Science Publications";"United States";"Scopus-unique (not in WoS)";"1100; ";"";TRUE;"Science Publications (www.thescipub.com)"
"Science Publications";6400153168;"ONLINE JOURNAL OF BIOLOGICAL SCIENCES";"16084217";"24108561";"Active";"2007-ongoing";"ENG";"0.25";"0.129";"0.240";"0.33";"0.129";"0.371";"0.40";"0.156";"0.263";"";"DOAJ/ROAD Open Access";"";"Journal";"";"";"";"";"";"Science Publications";"United States";"Scopus-unique (not in WoS)";"1100; 1300; ";"";FALSE;"Science Publications (www.thescipub.com)"
"Science Publications";11700154336;"JOURNAL OF COMPUTER SCIENCE";"15493636";"15526607";"Active";"2008-ongoing";"ENG";"0.70";"0.312";"0.893";"0.61";"0.255";"0.810";"0.51";"0.165";"0.561";"";"DOAJ/ROAD Open Access";"";"Journal";"";"";"";"";"";"Science Publications";"United States";"Scopus-unique (not in WoS)";"1702; 1705; 1712; ";"";FALSE;"Science Publications (www.thescipub.com)"
"Scientia Socialis";21100821129;"PROBLEMS OF EDUCATION IN THE 21ST CENTURY";"18227864";"25387111";"Active";"2017-ongoing";"ENG";"";"";"";"";"";"";"";"";"";"";"";"Added";"Journal";"";"";"";"";"";"Scientia Socialis";"Lithuania";"Scopus-unique (not in WoS)";"3304; ";"";FALSE;"Scientia Socialis"
"VBRI Press";21100223579;"ADVANCED MATERIALS LETTERS";"09763961";"0976397X";"Inactive";"2010-2016 (cancelled)";"";"1.79";"0.585";"1.031";"1.52";"0.451";"0.917";"";"0.410";"0.882";"";"DOAJ/ROAD Open Access";"";"Journal";"";"";"";"";"";"VBRI Press";"India";"Scopus-unique (not in WoS)";"2500; ";"";TRUE;"VBRI Press"
"WIT Press";18373;"STRUCTURES AND MATERIALS";"14626055";"";"Inactive";"2002-2004, 2000";"ENG";"";"";"";"";"";"";"";"";"";"";"";"";"Book Series ";"";"";"";"";"";"WIT Press";"United Kingdom";"Scopus-unique (not in WoS)";"2200; ";"";FALSE;"WIT Press"
"WIT Press";94757;"COMPUTATIONAL AND EXPERIMENTAL METHODS";"14667266";"";"Inactive";"2003-2004, 2001";"";"";"";"";"";"";"";"";"";"";"";"";"";"Book Series ";"";"";"";"";"";"WIT Press";"United Kingdom";"Scopus-unique (not in WoS)";"2200; ";"";FALSE;"WIT Press"
"WIT Press";76907;"SUSTAINABLE WORLD";"14769581";"";"Inactive";"2003";"";"";"";"";"";"";"";"";"";"";"";"";"";"Book Series ";"";"";"";"";"";"WIT Press";"United Kingdom";"Scopus-unique (not in WoS)";"2200; ";"";FALSE;"WIT Press"
"WIT Press";22231;"ADVANCES IN ECOLOGICAL SCIENCES";"13698273";"";"Inactive";"2003, 2001, 1998";"";"";"";"";"";"";"";"";"";"";"";"";"";"Journal";"";"";"";"";"";"WIT Press";"United Kingdom";"Scopus-unique (not in WoS)";"2300; 1300; ";"";FALSE;"WIT Press"
"WIT Press";21100785501;"INTERNATIONAL JOURNAL OF SAFETY AND SECURITY ENGINEERING";"20419031";"2041904X";"Active";"2011-ongoing";"ENG";"";"0.100";"0.000";"";"0.100";"0.000";"0.04";"0.100";"0.010";"";"";"";"Journal";"";"";"";"";"";"WIT Press";"United Kingdom";"Scopus-unique (not in WoS)";"2300; 2213; ";"";FALSE;"WIT Press"
"WIT Press";5200153111;"INTERNATIONAL JOURNAL OF DESIGN AND NATURE";"17443687";"17443679";"Inactive";"2007";"";"";"";"";"";"";"";"";"";"";"";"";"";"Journal";"Continued as";"International Journal of Design and Nature and Ecodynamics";"";"";"";"WIT Press";"United Kingdom";"Scopus-unique (not in WoS)";"1100; 2200; ";"";FALSE;"WIT Press"
"WIT Press";18092;"ADVANCES IN HIGH PERFORMANCE COMPUTING";"13687638";"";"Inactive";"2002, 2000";"";"";"";"";"";"";"";"";"";"";"";"";"";"Journal";"";"";"";"";"";"WIT Press";"United Kingdom";"Scopus-unique (not in WoS)";"2200; 1700; ";"";FALSE;"WIT Press"
"WIT Press";5200153109;"INTERNATIONAL JOURNAL OF ECODYNAMICS";"17435242";"";"Inactive";"2006-2007";"";"";"";"";"";"";"";"";"";"";"";"";"";"Journal";"Continued as";"International Journal of Design and Nature and Ecodynamics";"";"";"";"WIT Press";"United Kingdom";"Scopus-unique (not in WoS)";"2303; 1105; ";"";FALSE;"WIT Press"
"WIT Press";31922;"ADVANCES IN ARCHITECTURE SERIES";"13681435";"";"Inactive";"2000-2005";"";"";"";"";"";"";"";"";"";"";"";"";"";"Book Series";"";"";"";"";"";"WIT Press";"United Kingdom";"Scopus-unique (not in WoS)";"2200; ";"";FALSE;"WIT Press"
"WIT Press";13888;"INTERNATIONAL SERIES ON ADVANCES IN BOUNDARY ELEMENTS";"14601419";"";"Inactive";"2000-2004";"";"";"";"";"";"";"";"";"";"";"";"";"";"Journal";"";"";"";"";"";"WIT Press";"United Kingdom";"Scopus-unique (not in WoS)";"2200; ";"";FALSE;"WIT Press"
"WIT Press";20015;"SOFTWARE STUDIES";"1462611X";"";"Inactive";"2001";"";"";"";"";"";"";"";"";"";"";"";"";"";"Book Series";"";"";"";"";"";"WIT Press";"United Kingdom";"Scopus-unique (not in WoS)";"2200; ";"";FALSE;"WIT Press"
"WIT Press";5200153101;"INTERNATIONAL JOURNAL OF SUBSTAINABLE DEVELOPMENT AND PLANNING";"17437601";"1743761X";"Active";"2006-ongoing";"ENG";"0.34";"0.139";"0.631";"0.24";"0.158";"0.297";"0.40";"0.157";"0.267";"";"";"";"Journal";"";"";"";"";"";"WIT Press";"United Kingdom";"Scopus-unique (not in WoS)";"2308; 2105; 3305; ";"";FALSE;"WIT Press"
"WIT Press";14200154728;"INTERNATIONAL JOURNAL OF DESIGN AND NATURE AND ECODYNAMICS";"17557437";"";"Active";"2008-ongoing";"ENG";"0.19";"0.107";"0.084";"0.13";"0.115";"0.176";"0.24";"0.131";"0.365";"";"";"";"Journal";"Formerly known as";"International Journal of Design and Nature";"International Journal of Ecodynamics";"";"";"WIT Press";"United Kingdom";"Scopus-unique (not in WoS)";"2200; 1100; 2300; ";"";FALSE;"WIT Press"
"WIT Press";13889;"ADVANCES IN FLUID MECHANICS";"1353808X";"";"Inactive";"2000-2005, 1995-1998";"";"";"";"";"";"";"";"";"";"";"";"";"";"Book Series";"";"";"";"";"";"WIT Press";"United Kingdom";"Scopus-unique (not in WoS)";"2210; 2102; 3104; ";"";FALSE;"WIT Press"
"WIT Press";94040;"DESIGN AND NATURE";"14780585";"";"Inactive";"2004, 2002";"";"";"";"";"";"";"";"";"";"";"";"";"";"Book Series ";"";"";"";"";"";"WIT Press";"United Kingdom";"Scopus-unique (not in WoS)";"2200; ";"";FALSE;"WIT Press"
"World Scientific and Engineering Academy and Society";12100154403;"WSEAS TRANSACTIONS ON SIGNAL PROCESSING";"17905052";"";"Inactive";"2008-2014 (cancelled)";"";"";"0.153";"0.805";"";"0.153";"0.744";"";"0.137";"1.073";"";"";"";"Journal";"";"";"";"";"";"WSEAS Press";"Greece";"Scopus-unique (not in WoS)";"1705; 1707; 1711; 1712; ";"";TRUE;"World Scientific and Engineering Academy and Society (WSEAS)"
"World Scientific and Engineering Academy and Society";19600157349;"WSEAS TRANSACTIONS ON BIOLOGY AND BIOMEDICINE";"11099518";"";"Inactive";"2009-2015 (cancelled)";"";"";"0.159";"0.456";"";"0.203";"0.846";"";"0.112";"0.570";"";"";"";"Journal";"";"";"";"";"";"WSEAS Press";"Greece";"Scopus-unique (not in WoS)";"1100; 1300; 2700; 2800; ";"";TRUE;"World Scientific and Engineering Academy and Society (WSEAS)"
"World Scientific and Engineering Academy and Society";144885;"WSEAS TRANSACTIONS ON COMPUTERS";"11092750";"";"Inactive";"2005-2014 (cancelled)";"";"";"0.196";"0.501";"";"0.170";"0.899";"";"0.162";"0.746";"";"";"";"Journal";"";"";"";"";"";"WSEAS Press";"Greece";"Scopus-unique (not in WoS)";"1700; ";"";TRUE;"World Scientific and Engineering Academy and Society (WSEAS)"
"World Scientific and Engineering Academy and Society";144807;"WSEAS TRANSACTIONS ON ELECTRONICS";"11099445";"";"Inactive";"2005-2009 (cancelled)";"";"";"";"";"";"";"";"";"";"";"";"";"";"Journal";"";"";"";"";"";"WSEAS Press";"Greece";"Scopus-unique (not in WoS)";"2208; ";"";TRUE;"World Scientific and Engineering Academy and Society (WSEAS)"
"World Scientific and Engineering Academy and Society";19700190300;"WSEAS TRANSACTIONS ON POWER SYSTEMS";"17905060";"2224350X";"Inactive";"2010-2014 (cancelled)";"";"";"0.220";"0.659";"";"0.205";"1.269";"";"0.248";"0.991";"";"";"";"Journal";"";"";"";"";"";"WSEAS Press";"Greece";"Scopus-unique (not in WoS)";"2208; 2101; ";"";TRUE;"World Scientific and Engineering Academy and Society (WSEAS)"
"Academic Journals Inc.";17800156756;"ASIAN JOURNAL OF PLANT PATHOLOGY";"18191541";"";"Inactive";"2009-2016 (cancelled)";"";"0.32";"0.170";"0.338";"0.25";"0.163";"0.268";"";"0.200";"0.476";"";"";"";"Journal";"";"";"";"";"";"Academic Journals";"United States";"Scopus-unique (not in WoS)";"1108; 1110; 1102; ";"";TRUE;"Academic Journals"
"Academic Journals Inc.";17700155411;"RESEARCH JOURNAL OF ENVIRONMENTAL TOXICOLOGY";"18193420";"";"Inactive";"2009-2016 (cancelled) ";"ENG";"1.05";"0.288";"1.000";"0.44";"0.167";"0.306";"";"0.136";"0.271";"";"";"";"Journal";"";"";"";"";"";"Academic Journals";"United States";"Scopus-unique (not in WoS)";"2307; 2310; 3005; ";"";TRUE;"Academic Journals"
